{"cameraMode":{"drawMode":0,"name":"Shaded","section":"Shading Mode"},"sceneLighting":true,"audioPlay":false,"sceneViewState":{"m_AlwaysRefresh":false,"showFog":true,"showSkybox":true,"showFlares":true,"showImageEffects":true,"showParticleSystems":true,"showVisualEffectGraphs":true,"m_FxEnabled":true},"in2DMode":false,"pivot":{"x":0.42931613326072695,"y":-0.13163575530052186,"z":17.76973533630371},"rotation":{"x":-0.07822297513484955,"y":0.7230437994003296,"z":-0.08301244676113129,"w":-0.6813226938247681},"size":22.51687240600586,"orthographic":false}